run_id,problem_id,condition,status,exit_code,started_at,ended_at,duration_s,round_reached,total,proved,unproved,unsolved,log_path,summary_path,artifact_path,notes
with_analyzer__fateH_94,fateH_94,with_analyzer,timeout,-9,2026-08-25T20:19:22+00:00,2026-08-25T21:49:22+00:00,5400.0,,,,,,/home/amirnabiyev/Conjecture_Prover/experiment_runs/logs/with_analyzer__fateH_94.log,/home/amirnabiyev/Conjecture_Prover/experiment_runs/summaries/with_analyzer__fateH_94.summary.json,/home/amirnabiyev/Conjecture_Prover/experiment_runs/artifacts/with_analyzer__fateH_94,killed after 90 min wall-clock timeout; no summary.json produced
with_analyzer__fateH_94,fateH_94,with_analyzer,timeout,-9,2026-08-26T15:46:49+00:00,2026-08-26T17:16:49+00:00,5400.0,,,,,,/home/amirnabiyev/Conjecture_Prover/experiment_runs/logs/with_analyzer__fateH_94.log,/home/amirnabiyev/Conjecture_Prover/experiment_runs/summaries/with_analyzer__fateH_94.summary.json,/home/amirnabiyev/Conjecture_Prover/experiment_runs/artifacts/with_analyzer__fateH_94,killed after 90 min wall-clock timeout; no summary.json produced
with_analyzer__fateX_94,fateX_94,with_analyzer,timeout,-9,2026-08-26T17:16:49+00:00,2026-08-26T18:46:49+00:00,5400.3,,,,,,/home/amirnabiyev/Conjecture_Prover/experiment_runs/logs/with_analyzer__fateX_94.log,/home/amirnabiyev/Conjecture_Prover/experiment_runs/summaries/with_analyzer__fateX_94.summary.json,/home/amirnabiyev/Conjecture_Prover/experiment_runs/artifacts/with_analyzer__fateX_94,killed after 90 min wall-clock timeout; no summary.json produced
with_analyzer__putnam_a6_1972,putnam_a6_1972,with_analyzer,failed,1,2026-08-26T18:46:49+00:00,2026-08-26T19:52:50+00:00,3961.4,,,,,,/home/amirnabiyev/Conjecture_Prover/experiment_runs/logs/with_analyzer__putnam_a6_1972.log,/home/amirnabiyev/Conjecture_Prover/experiment_runs/summaries/with_analyzer__putnam_a6_1972.summary.json,/home/amirnabiyev/Conjecture_Prover/experiment_runs/artifacts/with_analyzer__putnam_a6_1972,no summary.json produced
wo_analyzer__fateH_94,fateH_94,wo_analyzer,failed,1,2026-08-26T19:52:50+00:00,2026-08-26T20:24:08+00:00,1877.7,,,,,,/home/amirnabiyev/Conjecture_Prover/experiment_runs/logs/wo_analyzer__fateH_94.log,/home/amirnabiyev/Conjecture_Prover/experiment_runs/summaries/wo_analyzer__fateH_94.summary.json,/home/amirnabiyev/Conjecture_Prover/experiment_runs/artifacts/wo_analyzer__fateH_94,no summary.json produced
wo_analyzer__fateX_94,fateX_94,wo_analyzer,timeout,-9,2026-08-26T20:24:08+00:00,2026-08-26T21:54:08+00:00,5400.0,,,,,,/home/amirnabiyev/Conjecture_Prover/experiment_runs/logs/wo_analyzer__fateX_94.log,/home/amirnabiyev/Conjecture_Prover/experiment_runs/summaries/wo_analyzer__fateX_94.summary.json,/home/amirnabiyev/Conjecture_Prover/experiment_runs/artifacts/wo_analyzer__fateX_94,killed after 90 min wall-clock timeout; no summary.json produced
wo_analyzer__putnam_a6_1972,putnam_a6_1972,wo_analyzer,failed,1,2026-08-26T21:54:08+00:00,2026-08-26T23:05:17+00:00,4269.1,,,,,,/home/amirnabiyev/Conjecture_Prover/experiment_runs/logs/wo_analyzer__putnam_a6_1972.log,/home/amirnabiyev/Conjecture_Prover/experiment_runs/summaries/wo_analyzer__putnam_a6_1972.summary.json,/home/amirnabiyev/Conjecture_Prover/experiment_runs/artifacts/wo_analyzer__putnam_a6_1972,no summary.json produced
optional_analyzer__fateH_94,fateH_94,optional_analyzer,timeout,-9,2026-08-26T23:05:17+00:00,2026-08-27T00:35:17+00:00,5400.0,,,,,,/home/amirnabiyev/Conjecture_Prover/experiment_runs/logs/optional_analyzer__fateH_94.log,/home/amirnabiyev/Conjecture_Prover/experiment_runs/summaries/optional_analyzer__fateH_94.summary.json,/home/amirnabiyev/Conjecture_Prover/experiment_runs/artifacts/optional_analyzer__fateH_94,killed after 90 min wall-clock timeout; no summary.json produced
optional_analyzer__fateX_94,fateX_94,optional_analyzer,failed,1,2026-08-27T00:35:17+00:00,2026-08-27T01:44:07+00:00,4130.1,,,,,,/home/amirnabiyev/Conjecture_Prover/experiment_runs/logs/optional_analyzer__fateX_94.log,/home/amirnabiyev/Conjecture_Prover/experiment_runs/summaries/optional_analyzer__fateX_94.summary.json,/home/amirnabiyev/Conjecture_Prover/experiment_runs/artifacts/optional_analyzer__fateX_94,no summary.json produced
optional_analyzer__putnam_a6_1972,putnam_a6_1972,optional_analyzer,failed,1,2026-08-27T01:44:07+00:00,2026-08-27T01:44:16+00:00,8.8,,,,,,/home/amirnabiyev/Conjecture_Prover/experiment_runs/logs/optional_analyzer__putnam_a6_1972.log,/home/amirnabiyev/Conjecture_Prover/experiment_runs/summaries/optional_analyzer__putnam_a6_1972.summary.json,/home/amirnabiyev/Conjecture_Prover/experiment_runs/artifacts/optional_analyzer__putnam_a6_1972,no summary.json produced
with_analyzer__fateX_94,fateX_94,with_analyzer,timeout,-9,2026-08-27T19:46:00+00:00,2026-08-27T21:16:01+00:00,5400.4,,,,,,/home/amirnabiyev/Conjecture_Prover/experiment_runs/logs/with_analyzer__fateX_94.log,/home/amirnabiyev/Conjecture_Prover/experiment_runs/summaries/with_analyzer__fateX_94.summary.json,/home/amirnabiyev/Conjecture_Prover/experiment_runs/artifacts/with_analyzer__fateX_94,killed after 90 min wall-clock timeout; no summary.json produced
wo_analyzer__fateX_94,fateX_94,wo_analyzer,completed,0,2026-08-27T21:16:01+00:00,2026-08-27T22:34:00+00:00,4679.1,8,12,11,1,Problem94.zeroSetAt_finset_dichotomy,/home/amirnabiyev/Conjecture_Prover/experiment_runs/logs/wo_analyzer__fateX_94.log,/home/amirnabiyev/Conjecture_Prover/experiment_runs/summaries/wo_analyzer__fateX_94.summary.json,/home/amirnabiyev/Conjecture_Prover/experiment_runs/artifacts/wo_analyzer__fateX_94,
optional_analyzer__fateX_94,fateX_94,optional_analyzer,completed,0,2026-08-27T22:34:00+00:00,2026-08-27T23:54:24+00:00,4824.7,8,18,16,2,Problem94.ideal_finitelyGenerated; Problem94.orbit_zeroSet_structured,/home/amirnabiyev/Conjecture_Prover/experiment_runs/logs/optional_analyzer__fateX_94.log,/home/amirnabiyev/Conjecture_Prover/experiment_runs/summaries/optional_analyzer__fateX_94.summary.json,/home/amirnabiyev/Conjecture_Prover/experiment_runs/artifacts/optional_analyzer__fateX_94,
with_analyzer__fateX_94,fateX_94,with_analyzer,failed,1,2026-09-05T22:17:58+00:00,2026-09-05T22:46:48+00:00,1730.6,0,,,,,/home/amirnabiyev/Conjecture_Prover/experiment_runs/logs/with_analyzer__fateX_94.log,/home/amirnabiyev/Conjecture_Prover/experiment_runs/summaries/with_analyzer__fateX_94.summary.json,/home/amirnabiyev/Conjecture_Prover/experiment_runs/artifacts/with_analyzer__fateX_94,
with_analyzer__fateX_94,fateX_94,with_analyzer,completed,0,2026-09-08T19:58:27+00:00,2026-09-08T21:01:16+00:00,3768.3,8,7,6,1,Problem94.zeroSet_infinite_contains_ap,/home/amirnabiyev/Conjecture_Prover/experiment_runs/logs/with_analyzer__fateX_94.log,/home/amirnabiyev/Conjecture_Prover/experiment_runs/summaries/with_analyzer__fateX_94.summary.json,/home/amirnabiyev/Conjecture_Prover/experiment_runs/artifacts/with_analyzer__fateX_94,
wo_analyzer__fateX_94,fateX_94,wo_analyzer,completed,0,2026-09-08T22:20:35+00:00,2026-09-08T23:04:35+00:00,2639.9,8,5,4,1,Problem94.zeroSet_isFiniteUnionOfAPs,/home/amirnabiyev/Conjecture_Prover/experiment_runs/logs/wo_analyzer__fateX_94.log,/home/amirnabiyev/Conjecture_Prover/experiment_runs/summaries/wo_analyzer__fateX_94.summary.json,/home/amirnabiyev/Conjecture_Prover/experiment_runs/artifacts/wo_analyzer__fateX_94,
optional_analyzer__fateX_94,fateX_94,optional_analyzer,completed,0,2026-09-08T23:04:35+00:00,2026-09-09T00:06:50+00:00,3735.1,8,6,5,1,Problem94.orbitZeroSet_finite_or_arithProgression,/home/amirnabiyev/Conjecture_Prover/experiment_runs/logs/optional_analyzer__fateX_94.log,/home/amirnabiyev/Conjecture_Prover/experiment_runs/summaries/optional_analyzer__fateX_94.summary.json,/home/amirnabiyev/Conjecture_Prover/experiment_runs/artifacts/optional_analyzer__fateX_94,
